condition,accuracy,macro_f1,invalid_rate,n_items
raw,0.21,0.11631814787154593,0.2,100
rule_only,0.19,0.1348143513985098,0.18,100
length_controlled,0.24,0.12571225071225073,0.12,100
proposed,0.19,0.12561071710007882,0.22,100
proposed_no_validator,0.19,0.12561071710007882,0.22,100
