condition,accuracy,macro_f1,invalid_rate,n_items
raw,0.26666666666666666,0.16666666666666666,0.4666666666666667,15
rule_only,0.26666666666666666,0.2,0.2,15
length_controlled,0.3333333333333333,0.2583333333333333,0.2,15
proposed,0.26666666666666666,0.2153846153846154,0.3333333333333333,15
proposed_no_validator,0.26666666666666666,0.2153846153846154,0.3333333333333333,15
